{"cameraMode":{"drawMode":0,"name":"Shaded","section":"Shading Mode"},"sceneLighting":false,"audioPlay":false,"sceneViewState":{"showFog":true,"showMaterialUpdate":false,"showSkybox":false,"showFlares":true,"showImageEffects":true,"showParticleSystems":true},"in2DMode":false,"pivot":{"x":-12.017000198364258,"y":-1.975000023841858,"z":23.746999740600587},"rotation":{"x":0.3076185882091522,"y":-0.034244686365127566,"z":0.011079045943915844,"w":0.9508288502693176},"size":22.0,"orthographic":false}