{"cameraMode":{"drawMode":0,"name":"Shaded","section":"Shading Mode"},"sceneLighting":true,"audioPlay":false,"sceneViewState":{"showFog":true,"showMaterialUpdate":false,"showSkybox":true,"showFlares":true,"showImageEffects":true,"showParticleSystems":true},"in2DMode":false,"pivot":{"x":0.003632664680480957,"y":9.5367431640625e-7,"z":0.4988527297973633},"rotation":{"x":0.1403592824935913,"y":0.15085932612419129,"z":-0.02164415828883648,"w":0.9783007502555847},"size":7.066665172576904,"orthographic":false}