{"cameraMode":{"drawMode":0,"name":"Shaded","section":"Shading Mode"},"sceneLighting":true,"audioPlay":false,"sceneViewState":{"showFog":true,"showMaterialUpdate":false,"showSkybox":true,"showFlares":true,"showImageEffects":true,"showParticleSystems":true},"in2DMode":false,"pivot":{"x":0.6037737131118774,"y":4.216132164001465,"z":-4.750293254852295},"rotation":{"x":-0.28828099370002749,"y":0.047945111989974979,"z":-0.014454114250838757,"w":-0.9562355279922485},"size":0.2857881486415863,"orthographic":false}